<?xml version="1.0"?>
<doc>
    <assembly>
        <name>PDFtoImage</name>
    </assembly>
    <members>
        <member name="T:PDFtoImage.Conversion">
            <summary>
            Provides methods to render PDFs into images.
            </summary>
        </member>
        <member name="M:PDFtoImage.Conversion.SaveTiff(System.String,System.String,System.String,System.Int32,System.Int32,System.Nullable{System.Int32},System.Nullable{System.Int32},System.Boolean,System.Boolean)">
            <summary>
            Renders a single page of a given PDF and saves it as a TIFF.
            </summary>
            <param name="imageFilename">The output image file path.</param>
            <param name="pdfAsBase64String">The PDF encoded as Base64.</param>
            <param name="password">The password for opening the PDF. Use <see langword="null"/> if no password is needed.</param>
            <param name="page">The specific page to be converted.</param>
            <param name="dpi">The DPI scaling to use for rasterization of the PDF.</param>
            <param name="width">The width of the desired <paramref name="page"/>. Use <see langword="null"/> if the original width should be used.</param>
            <param name="height">The height of the desired <paramref name="page"/>. Use <see langword="null"/> if the original height should be used.</param>
            <param name="withAnnotations">Specifies whether annotations be rendered.</param>
            <param name="withFormFill">Specifies whether form filling will be rendered.</param>
        </member>
        <member name="M:PDFtoImage.Conversion.SaveTiff(System.IO.Stream,System.String,System.String,System.Int32,System.Int32,System.Nullable{System.Int32},System.Nullable{System.Int32},System.Boolean,System.Boolean)">
            <summary>
            Renders a single page of a given PDF and saves it as a TIFF.
            </summary>
            <param name="imageStream">The output image stream.</param>
            <param name="pdfAsBase64String">The PDF encoded as Base64.</param>
            <param name="password">The password for opening the PDF. Use <see langword="null"/> if no password is needed.</param>
            <param name="page">The specific page to be converted.</param>
            <param name="dpi">The DPI scaling to use for rasterization of the PDF.</param>
            <param name="width">The width of the desired <paramref name="page"/>. Use <see langword="null"/> if the original width should be used.</param>
            <param name="height">The height of the desired <paramref name="page"/>. Use <see langword="null"/> if the original height should be used.</param>
            <param name="withAnnotations">Specifies whether annotations be rendered.</param>
            <param name="withFormFill">Specifies whether form filling will be rendered.</param>
        </member>
        <member name="M:PDFtoImage.Conversion.SaveTiff(System.String,System.Byte[],System.String,System.Int32,System.Int32,System.Nullable{System.Int32},System.Nullable{System.Int32},System.Boolean,System.Boolean)">
            <summary>
            Renders a single page of a given PDF and saves it as a TIFF.
            </summary>
            <param name="imageFilename">The output image file path.</param>
            <param name="pdfAsByteArray">The PDF as a byte array.</param>
            <param name="password">The password for opening the PDF. Use <see langword="null"/> if no password is needed.</param>
            <param name="page">The specific page to be converted.</param>
            <param name="dpi">The DPI scaling to use for rasterization of the PDF.</param>
            <param name="width">The width of the desired <paramref name="page"/>. Use <see langword="null"/> if the original width should be used.</param>
            <param name="height">The height of the desired <paramref name="page"/>. Use <see langword="null"/> if the original height should be used.</param>
            <param name="withAnnotations">Specifies whether annotations be rendered.</param>
            <param name="withFormFill">Specifies whether form filling will be rendered.</param>
        </member>
        <member name="M:PDFtoImage.Conversion.SaveTiff(System.IO.Stream,System.Byte[],System.String,System.Int32,System.Int32,System.Nullable{System.Int32},System.Nullable{System.Int32},System.Boolean,System.Boolean)">
            <summary>
            Renders a single page of a given PDF and saves it as a TIFF.
            </summary>
            <param name="imageStream">The output image stream.</param>
            <param name="pdfAsByteArray">The PDF as a byte array.</param>
            <param name="password">The password for opening the PDF. Use <see langword="null"/> if no password is needed.</param>
            <param name="page">The specific page to be converted.</param>
            <param name="dpi">The DPI scaling to use for rasterization of the PDF.</param>
            <param name="width">The width of the desired <paramref name="page"/>. Use <see langword="null"/> if the original width should be used.</param>
            <param name="height">The height of the desired <paramref name="page"/>. Use <see langword="null"/> if the original height should be used.</param>
            <param name="withAnnotations">Specifies whether annotations be rendered.</param>
            <param name="withFormFill">Specifies whether form filling will be rendered.</param>
        </member>
        <member name="M:PDFtoImage.Conversion.SaveTiff(System.String,System.IO.Stream,System.String,System.Int32,System.Int32,System.Nullable{System.Int32},System.Nullable{System.Int32},System.Boolean,System.Boolean)">
            <summary>
            Renders a single page of a given PDF and saves it as a TIFF.
            </summary>
            <param name="imageFilename">The output image file path.</param>
            <param name="pdfStream">The PDF as a stream.</param>
            <param name="password">The password for opening the PDF. Use <see langword="null"/> if no password is needed.</param>
            <param name="page">The specific page to be converted.</param>
            <param name="dpi">The DPI scaling to use for rasterization of the PDF.</param>
            <param name="width">The width of the desired <paramref name="page"/>. Use <see langword="null"/> if the original width should be used.</param>
            <param name="height">The height of the desired <paramref name="page"/>. Use <see langword="null"/> if the original height should be used.</param>
            <param name="withAnnotations">Specifies whether annotations be rendered.</param>
            <param name="withFormFill">Specifies whether form filling will be rendered.</param>
        </member>
        <member name="M:PDFtoImage.Conversion.SaveTiff(System.IO.Stream,System.IO.Stream,System.String,System.Int32,System.Int32,System.Nullable{System.Int32},System.Nullable{System.Int32},System.Boolean,System.Boolean)">
            <summary>
            Renders a single page of a given PDF and saves it as a TIFF.
            </summary>
            <param name="imageStream">The output image stream.</param>
            <param name="pdfStream">The PDF as a stream.</param>
            <param name="password">The password for opening the PDF. Use <see langword="null"/> if no password is needed.</param>
            <param name="page">The specific page to be converted.</param>
            <param name="dpi">The DPI scaling to use for rasterization of the PDF.</param>
            <param name="width">The width of the desired <paramref name="page"/>. Use <see langword="null"/> if the original width should be used.</param>
            <param name="height">The height of the desired <paramref name="page"/>. Use <see langword="null"/> if the original height should be used.</param>
            <param name="withAnnotations">Specifies whether annotations be rendered.</param>
            <param name="withFormFill">Specifies whether form filling will be rendered.</param>
        </member>
        <member name="M:PDFtoImage.Conversion.SaveGif(System.String,System.String,System.String,System.Int32,System.Int32,System.Nullable{System.Int32},System.Nullable{System.Int32},System.Boolean,System.Boolean)">
            <summary>
            Renders a single page of a given PDF and saves it as a GIF.
            </summary>
            <param name="imageFilename">The output image file path.</param>
            <param name="pdfAsBase64String">The PDF encoded as Base64.</param>
            <param name="password">The password for opening the PDF. Use <see langword="null"/> if no password is needed.</param>
            <param name="page">The specific page to be converted.</param>
            <param name="dpi">The DPI scaling to use for rasterization of the PDF.</param>
            <param name="width">The width of the desired <paramref name="page"/>. Use <see langword="null"/> if the original width should be used.</param>
            <param name="height">The height of the desired <paramref name="page"/>. Use <see langword="null"/> if the original height should be used.</param>
            <param name="withAnnotations">Specifies whether annotations be rendered.</param>
            <param name="withFormFill">Specifies whether form filling will be rendered.</param>
        </member>
        <member name="M:PDFtoImage.Conversion.SaveGif(System.IO.Stream,System.String,System.String,System.Int32,System.Int32,System.Nullable{System.Int32},System.Nullable{System.Int32},System.Boolean,System.Boolean)">
            <summary>
            Renders a single page of a given PDF and saves it as a GIF.
            </summary>
            <param name="imageStream">The output image stream.</param>
            <param name="pdfAsBase64String">The PDF encoded as Base64.</param>
            <param name="password">The password for opening the PDF. Use <see langword="null"/> if no password is needed.</param>
            <param name="page">The specific page to be converted.</param>
            <param name="dpi">The DPI scaling to use for rasterization of the PDF.</param>
            <param name="width">The width of the desired <paramref name="page"/>. Use <see langword="null"/> if the original width should be used.</param>
            <param name="height">The height of the desired <paramref name="page"/>. Use <see langword="null"/> if the original height should be used.</param>
            <param name="withAnnotations">Specifies whether annotations be rendered.</param>
            <param name="withFormFill">Specifies whether form filling will be rendered.</param>
        </member>
        <member name="M:PDFtoImage.Conversion.SaveGif(System.String,System.Byte[],System.String,System.Int32,System.Int32,System.Nullable{System.Int32},System.Nullable{System.Int32},System.Boolean,System.Boolean)">
            <summary>
            Renders a single page of a given PDF and saves it as a GIF.
            </summary>
            <param name="imageFilename">The output image file path.</param>
            <param name="pdfAsByteArray">The PDF as a byte array.</param>
            <param name="password">The password for opening the PDF. Use <see langword="null"/> if no password is needed.</param>
            <param name="page">The specific page to be converted.</param>
            <param name="dpi">The DPI scaling to use for rasterization of the PDF.</param>
            <param name="width">The width of the desired <paramref name="page"/>. Use <see langword="null"/> if the original width should be used.</param>
            <param name="height">The height of the desired <paramref name="page"/>. Use <see langword="null"/> if the original height should be used.</param>
            <param name="withAnnotations">Specifies whether annotations be rendered.</param>
            <param name="withFormFill">Specifies whether form filling will be rendered.</param>
        </member>
        <member name="M:PDFtoImage.Conversion.SaveGif(System.IO.Stream,System.Byte[],System.String,System.Int32,System.Int32,System.Nullable{System.Int32},System.Nullable{System.Int32},System.Boolean,System.Boolean)">
            <summary>
            Renders a single page of a given PDF and saves it as a GIF.
            </summary>
            <param name="imageStream">The output image stream.</param>
            <param name="pdfAsByteArray">The PDF as a byte array.</param>
            <param name="password">The password for opening the PDF. Use <see langword="null"/> if no password is needed.</param>
            <param name="page">The specific page to be converted.</param>
            <param name="dpi">The DPI scaling to use for rasterization of the PDF.</param>
            <param name="width">The width of the desired <paramref name="page"/>. Use <see langword="null"/> if the original width should be used.</param>
            <param name="height">The height of the desired <paramref name="page"/>. Use <see langword="null"/> if the original height should be used.</param>
            <param name="withAnnotations">Specifies whether annotations be rendered.</param>
            <param name="withFormFill">Specifies whether form filling will be rendered.</param>
        </member>
        <member name="M:PDFtoImage.Conversion.SaveGif(System.String,System.IO.Stream,System.String,System.Int32,System.Int32,System.Nullable{System.Int32},System.Nullable{System.Int32},System.Boolean,System.Boolean)">
            <summary>
            Renders a single page of a given PDF and saves it as a GIF.
            </summary>
            <param name="imageFilename">The output image file path.</param>
            <param name="pdfStream">The PDF as a stream.</param>
            <param name="password">The password for opening the PDF. Use <see langword="null"/> if no password is needed.</param>
            <param name="page">The specific page to be converted.</param>
            <param name="dpi">The DPI scaling to use for rasterization of the PDF.</param>
            <param name="width">The width of the desired <paramref name="page"/>. Use <see langword="null"/> if the original width should be used.</param>
            <param name="height">The height of the desired <paramref name="page"/>. Use <see langword="null"/> if the original height should be used.</param>
            <param name="withAnnotations">Specifies whether annotations be rendered.</param>
            <param name="withFormFill">Specifies whether form filling will be rendered.</param>
        </member>
        <member name="M:PDFtoImage.Conversion.SaveGif(System.IO.Stream,System.IO.Stream,System.String,System.Int32,System.Int32,System.Nullable{System.Int32},System.Nullable{System.Int32},System.Boolean,System.Boolean)">
            <summary>
            Renders a single page of a given PDF and saves it as a GIF.
            </summary>
            <param name="imageStream">The output image stream.</param>
            <param name="pdfStream">The PDF as a stream.</param>
            <param name="password">The password for opening the PDF. Use <see langword="null"/> if no password is needed.</param>
            <param name="page">The specific page to be converted.</param>
            <param name="dpi">The DPI scaling to use for rasterization of the PDF.</param>
            <param name="width">The width of the desired <paramref name="page"/>. Use <see langword="null"/> if the original width should be used.</param>
            <param name="height">The height of the desired <paramref name="page"/>. Use <see langword="null"/> if the original height should be used.</param>
            <param name="withAnnotations">Specifies whether annotations be rendered.</param>
            <param name="withFormFill">Specifies whether form filling will be rendered.</param>
        </member>
        <member name="M:PDFtoImage.Conversion.SaveJpeg(System.String,System.String,System.String,System.Int32,System.Int32,System.Nullable{System.Int32},System.Nullable{System.Int32},System.Boolean,System.Boolean)">
            <summary>
            Renders a single page of a given PDF and saves it as a JPEG.
            </summary>
            <param name="imageFilename">The output image file path.</param>
            <param name="pdfAsBase64String">The PDF encoded as Base64.</param>
            <param name="password">The password for opening the PDF. Use <see langword="null"/> if no password is needed.</param>
            <param name="page">The specific page to be converted.</param>
            <param name="dpi">The DPI scaling to use for rasterization of the PDF.</param>
            <param name="width">The width of the desired <paramref name="page"/>. Use <see langword="null"/> if the original width should be used.</param>
            <param name="height">The height of the desired <paramref name="page"/>. Use <see langword="null"/> if the original height should be used.</param>
            <param name="withAnnotations">Specifies whether annotations be rendered.</param>
            <param name="withFormFill">Specifies whether form filling will be rendered.</param>
        </member>
        <member name="M:PDFtoImage.Conversion.SaveJpeg(System.IO.Stream,System.String,System.String,System.Int32,System.Int32,System.Nullable{System.Int32},System.Nullable{System.Int32},System.Boolean,System.Boolean)">
            <summary>
            Renders a single page of a given PDF and saves it as a JPEG.
            </summary>
            <param name="imageStream">The output image stream.</param>
            <param name="pdfAsBase64String">The PDF encoded as Base64.</param>
            <param name="password">The password for opening the PDF. Use <see langword="null"/> if no password is needed.</param>
            <param name="page">The specific page to be converted.</param>
            <param name="dpi">The DPI scaling to use for rasterization of the PDF.</param>
            <param name="width">The width of the desired <paramref name="page"/>. Use <see langword="null"/> if the original width should be used.</param>
            <param name="height">The height of the desired <paramref name="page"/>. Use <see langword="null"/> if the original height should be used.</param>
            <param name="withAnnotations">Specifies whether annotations be rendered.</param>
            <param name="withFormFill">Specifies whether form filling will be rendered.</param>
        </member>
        <member name="M:PDFtoImage.Conversion.SaveJpeg(System.String,System.Byte[],System.String,System.Int32,System.Int32,System.Nullable{System.Int32},System.Nullable{System.Int32},System.Boolean,System.Boolean)">
            <summary>
            Renders a single page of a given PDF and saves it as a JPEG.
            </summary>
            <param name="imageFilename">The output image file path.</param>
            <param name="pdfAsByteArray">The PDF as a byte array.</param>
            <param name="password">The password for opening the PDF. Use <see langword="null"/> if no password is needed.</param>
            <param name="page">The specific page to be converted.</param>
            <param name="dpi">The DPI scaling to use for rasterization of the PDF.</param>
            <param name="width">The width of the desired <paramref name="page"/>. Use <see langword="null"/> if the original width should be used.</param>
            <param name="height">The height of the desired <paramref name="page"/>. Use <see langword="null"/> if the original height should be used.</param>
            <param name="withAnnotations">Specifies whether annotations be rendered.</param>
            <param name="withFormFill">Specifies whether form filling will be rendered.</param>
        </member>
        <member name="M:PDFtoImage.Conversion.SaveJpeg(System.IO.Stream,System.Byte[],System.String,System.Int32,System.Int32,System.Nullable{System.Int32},System.Nullable{System.Int32},System.Boolean,System.Boolean)">
            <summary>
            Renders a single page of a given PDF and saves it as a JPEG.
            </summary>
            <param name="imageStream">The output image stream.</param>
            <param name="pdfAsByteArray">The PDF as a byte array.</param>
            <param name="password">The password for opening the PDF. Use <see langword="null"/> if no password is needed.</param>
            <param name="page">The specific page to be converted.</param>
            <param name="dpi">The DPI scaling to use for rasterization of the PDF.</param>
            <param name="width">The width of the desired <paramref name="page"/>. Use <see langword="null"/> if the original width should be used.</param>
            <param name="height">The height of the desired <paramref name="page"/>. Use <see langword="null"/> if the original height should be used.</param>
            <param name="withAnnotations">Specifies whether annotations be rendered.</param>
            <param name="withFormFill">Specifies whether form filling will be rendered.</param>
        </member>
        <member name="M:PDFtoImage.Conversion.SaveJpeg(System.String,System.IO.Stream,System.String,System.Int32,System.Int32,System.Nullable{System.Int32},System.Nullable{System.Int32},System.Boolean,System.Boolean)">
            <summary>
            Renders a single page of a given PDF and saves it as a JPEG.
            </summary>
            <param name="imageFilename">The output image file path.</param>
            <param name="pdfStream">The PDF as a stream.</param>
            <param name="password">The password for opening the PDF. Use <see langword="null"/> if no password is needed.</param>
            <param name="page">The specific page to be converted.</param>
            <param name="dpi">The DPI scaling to use for rasterization of the PDF.</param>
            <param name="width">The width of the desired <paramref name="page"/>. Use <see langword="null"/> if the original width should be used.</param>
            <param name="height">The height of the desired <paramref name="page"/>. Use <see langword="null"/> if the original height should be used.</param>
            <param name="withAnnotations">Specifies whether annotations be rendered.</param>
            <param name="withFormFill">Specifies whether form filling will be rendered.</param>
        </member>
        <member name="M:PDFtoImage.Conversion.SaveJpeg(System.IO.Stream,System.IO.Stream,System.String,System.Int32,System.Int32,System.Nullable{System.Int32},System.Nullable{System.Int32},System.Boolean,System.Boolean)">
            <summary>
            Renders a single page of a given PDF and saves it as a JPEG.
            </summary>
            <param name="imageStream">The output image stream.</param>
            <param name="pdfStream">The PDF as a stream.</param>
            <param name="password">The password for opening the PDF. Use <see langword="null"/> if no password is needed.</param>
            <param name="page">The specific page to be converted.</param>
            <param name="dpi">The DPI scaling to use for rasterization of the PDF.</param>
            <param name="width">The width of the desired <paramref name="page"/>. Use <see langword="null"/> if the original width should be used.</param>
            <param name="height">The height of the desired <paramref name="page"/>. Use <see langword="null"/> if the original height should be used.</param>
            <param name="withAnnotations">Specifies whether annotations be rendered.</param>
            <param name="withFormFill">Specifies whether form filling will be rendered.</param>
        </member>
        <member name="M:PDFtoImage.Conversion.SavePng(System.String,System.String,System.String,System.Int32,System.Int32,System.Nullable{System.Int32},System.Nullable{System.Int32},System.Boolean,System.Boolean)">
            <summary>
            Renders a single page of a given PDF and saves it as a PNG.
            </summary>
            <param name="imageFilename">The output image file path.</param>
            <param name="pdfAsBase64String">The PDF encoded as Base64.</param>
            <param name="password">The password for opening the PDF. Use <see langword="null"/> if no password is needed.</param>
            <param name="page">The specific page to be converted.</param>
            <param name="dpi">The DPI scaling to use for rasterization of the PDF.</param>
            <param name="width">The width of the desired <paramref name="page"/>. Use <see langword="null"/> if the original width should be used.</param>
            <param name="height">The height of the desired <paramref name="page"/>. Use <see langword="null"/> if the original height should be used.</param>
            <param name="withAnnotations">Specifies whether annotations be rendered.</param>
            <param name="withFormFill">Specifies whether form filling will be rendered.</param>
        </member>
        <member name="M:PDFtoImage.Conversion.SavePng(System.IO.Stream,System.String,System.String,System.Int32,System.Int32,System.Nullable{System.Int32},System.Nullable{System.Int32},System.Boolean,System.Boolean)">
            <summary>
            Renders a single page of a given PDF and saves it as a PNG.
            </summary>
            <param name="imageStream">The output image stream.</param>
            <param name="pdfAsBase64String">The PDF encoded as Base64.</param>
            <param name="password">The password for opening the PDF. Use <see langword="null"/> if no password is needed.</param>
            <param name="page">The specific page to be converted.</param>
            <param name="dpi">The DPI scaling to use for rasterization of the PDF.</param>
            <param name="width">The width of the desired <paramref name="page"/>. Use <see langword="null"/> if the original width should be used.</param>
            <param name="height">The height of the desired <paramref name="page"/>. Use <see langword="null"/> if the original height should be used.</param>
            <param name="withAnnotations">Specifies whether annotations be rendered.</param>
            <param name="withFormFill">Specifies whether form filling will be rendered.</param>
        </member>
        <member name="M:PDFtoImage.Conversion.SavePng(System.String,System.Byte[],System.String,System.Int32,System.Int32,System.Nullable{System.Int32},System.Nullable{System.Int32},System.Boolean,System.Boolean)">
            <summary>
            Renders a single page of a given PDF and saves it as a PNG.
            </summary>
            <param name="imageFilename">The output image file path.</param>
            <param name="pdfAsByteArray">The PDF as a byte array.</param>
            <param name="password">The password for opening the PDF. Use <see langword="null"/> if no password is needed.</param>
            <param name="page">The specific page to be converted.</param>
            <param name="dpi">The DPI scaling to use for rasterization of the PDF.</param>
            <param name="width">The width of the desired <paramref name="page"/>. Use <see langword="null"/> if the original width should be used.</param>
            <param name="height">The height of the desired <paramref name="page"/>. Use <see langword="null"/> if the original height should be used.</param>
            <param name="withAnnotations">Specifies whether annotations be rendered.</param>
            <param name="withFormFill">Specifies whether form filling will be rendered.</param>
        </member>
        <member name="M:PDFtoImage.Conversion.SavePng(System.IO.Stream,System.Byte[],System.String,System.Int32,System.Int32,System.Nullable{System.Int32},System.Nullable{System.Int32},System.Boolean,System.Boolean)">
            <summary>
            Renders a single page of a given PDF and saves it as a PNG.
            </summary>
            <param name="imageStream">The output image stream.</param>
            <param name="pdfAsByteArray">The PDF as a byte array.</param>
            <param name="password">The password for opening the PDF. Use <see langword="null"/> if no password is needed.</param>
            <param name="page">The specific page to be converted.</param>
            <param name="dpi">The DPI scaling to use for rasterization of the PDF.</param>
            <param name="width">The width of the desired <paramref name="page"/>. Use <see langword="null"/> if the original width should be used.</param>
            <param name="height">The height of the desired <paramref name="page"/>. Use <see langword="null"/> if the original height should be used.</param>
            <param name="withAnnotations">Specifies whether annotations be rendered.</param>
            <param name="withFormFill">Specifies whether form filling will be rendered.</param>
        </member>
        <member name="M:PDFtoImage.Conversion.SavePng(System.String,System.IO.Stream,System.String,System.Int32,System.Int32,System.Nullable{System.Int32},System.Nullable{System.Int32},System.Boolean,System.Boolean)">
            <summary>
            Renders a single page of a given PDF and saves it as a PNG.
            </summary>
            <param name="imageFilename">The output image file path.</param>
            <param name="pdfStream">The PDF as a stream.</param>
            <param name="password">The password for opening the PDF. Use <see langword="null"/> if no password is needed.</param>
            <param name="page">The specific page to be converted.</param>
            <param name="dpi">The DPI scaling to use for rasterization of the PDF.</param>
            <param name="width">The width of the desired <paramref name="page"/>. Use <see langword="null"/> if the original width should be used.</param>
            <param name="height">The height of the desired <paramref name="page"/>. Use <see langword="null"/> if the original height should be used.</param>
            <param name="withAnnotations">Specifies whether annotations be rendered.</param>
            <param name="withFormFill">Specifies whether form filling will be rendered.</param>
        </member>
        <member name="M:PDFtoImage.Conversion.SavePng(System.IO.Stream,System.IO.Stream,System.String,System.Int32,System.Int32,System.Nullable{System.Int32},System.Nullable{System.Int32},System.Boolean,System.Boolean)">
            <summary>
            Renders a single page of a given PDF and saves it as a PNG.
            </summary>
            <param name="imageStream">The output image stream.</param>
            <param name="pdfStream">The PDF as a stream.</param>
            <param name="password">The password for opening the PDF. Use <see langword="null"/> if no password is needed.</param>
            <param name="page">The specific page to be converted.</param>
            <param name="dpi">The DPI scaling to use for rasterization of the PDF.</param>
            <param name="width">The width of the desired <paramref name="page"/>. Use <see langword="null"/> if the original width should be used.</param>
            <param name="height">The height of the desired <paramref name="page"/>. Use <see langword="null"/> if the original height should be used.</param>
            <param name="withAnnotations">Specifies whether annotations be rendered.</param>
            <param name="withFormFill">Specifies whether form filling will be rendered.</param>
        </member>
        <member name="M:PDFtoImage.Conversion.SaveBmp(System.String,System.String,System.String,System.Int32,System.Int32,System.Nullable{System.Int32},System.Nullable{System.Int32},System.Boolean,System.Boolean)">
            <summary>
            Renders a single page of a given PDF and saves it as a bitmap.
            </summary>
            <param name="imageFilename">The output image file path.</param>
            <param name="pdfAsBase64String">The PDF encoded as Base64.</param>
            <param name="password">The password for opening the PDF. Use <see langword="null"/> if no password is needed.</param>
            <param name="page">The specific page to be converted.</param>
            <param name="dpi">The DPI scaling to use for rasterization of the PDF.</param>
            <param name="width">The width of the desired <paramref name="page"/>. Use <see langword="null"/> if the original width should be used.</param>
            <param name="height">The height of the desired <paramref name="page"/>. Use <see langword="null"/> if the original height should be used.</param>
            <param name="withAnnotations">Specifies whether annotations be rendered.</param>
            <param name="withFormFill">Specifies whether form filling will be rendered.</param>
        </member>
        <member name="M:PDFtoImage.Conversion.SaveBmp(System.IO.Stream,System.String,System.String,System.Int32,System.Int32,System.Nullable{System.Int32},System.Nullable{System.Int32},System.Boolean,System.Boolean)">
            <summary>
            Renders a single page of a given PDF and saves it as a bitmap.
            </summary>
            <param name="imageStream">The output image stream.</param>
            <param name="pdfAsBase64String">The PDF encoded as Base64.</param>
            <param name="password">The password for opening the PDF. Use <see langword="null"/> if no password is needed.</param>
            <param name="page">The specific page to be converted.</param>
            <param name="dpi">The DPI scaling to use for rasterization of the PDF.</param>
            <param name="width">The width of the desired <paramref name="page"/>. Use <see langword="null"/> if the original width should be used.</param>
            <param name="height">The height of the desired <paramref name="page"/>. Use <see langword="null"/> if the original height should be used.</param>
            <param name="withAnnotations">Specifies whether annotations be rendered.</param>
            <param name="withFormFill">Specifies whether form filling will be rendered.</param>
        </member>
        <member name="M:PDFtoImage.Conversion.SaveBmp(System.String,System.Byte[],System.String,System.Int32,System.Int32,System.Nullable{System.Int32},System.Nullable{System.Int32},System.Boolean,System.Boolean)">
            <summary>
            Renders a single page of a given PDF and saves it as a bitmap.
            </summary>
            <param name="imageFilename">The output image file path.</param>
            <param name="pdfAsByteArray">The PDF as a byte array.</param>
            <param name="password">The password for opening the PDF. Use <see langword="null"/> if no password is needed.</param>
            <param name="page">The specific page to be converted.</param>
            <param name="dpi">The DPI scaling to use for rasterization of the PDF.</param>
            <param name="width">The width of the desired <paramref name="page"/>. Use <see langword="null"/> if the original width should be used.</param>
            <param name="height">The height of the desired <paramref name="page"/>. Use <see langword="null"/> if the original height should be used.</param>
            <param name="withAnnotations">Specifies whether annotations be rendered.</param>
            <param name="withFormFill">Specifies whether form filling will be rendered.</param>
        </member>
        <member name="M:PDFtoImage.Conversion.SaveBmp(System.IO.Stream,System.Byte[],System.String,System.Int32,System.Int32,System.Nullable{System.Int32},System.Nullable{System.Int32},System.Boolean,System.Boolean)">
            <summary>
            Renders a single page of a given PDF and saves it as a bitmap.
            </summary>
            <param name="imageStream">The output image stream.</param>
            <param name="pdfAsByteArray">The PDF as a byte array.</param>
            <param name="password">The password for opening the PDF. Use <see langword="null"/> if no password is needed.</param>
            <param name="page">The specific page to be converted.</param>
            <param name="dpi">The DPI scaling to use for rasterization of the PDF.</param>
            <param name="width">The width of the desired <paramref name="page"/>. Use <see langword="null"/> if the original width should be used.</param>
            <param name="height">The height of the desired <paramref name="page"/>. Use <see langword="null"/> if the original height should be used.</param>
            <param name="withAnnotations">Specifies whether annotations be rendered.</param>
            <param name="withFormFill">Specifies whether form filling will be rendered.</param>
        </member>
        <member name="M:PDFtoImage.Conversion.SaveBmp(System.String,System.IO.Stream,System.String,System.Int32,System.Int32,System.Nullable{System.Int32},System.Nullable{System.Int32},System.Boolean,System.Boolean)">
            <summary>
            Renders a single page of a given PDF and saves it as a bitmap.
            </summary>
            <param name="imageFilename">The output image file path.</param>
            <param name="pdfStream">The PDF as a stream.</param>
            <param name="password">The password for opening the PDF. Use <see langword="null"/> if no password is needed.</param>
            <param name="page">The specific page to be converted.</param>
            <param name="dpi">The DPI scaling to use for rasterization of the PDF.</param>
            <param name="width">The width of the desired <paramref name="page"/>. Use <see langword="null"/> if the original width should be used.</param>
            <param name="height">The height of the desired <paramref name="page"/>. Use <see langword="null"/> if the original height should be used.</param>
            <param name="withAnnotations">Specifies whether annotations be rendered.</param>
            <param name="withFormFill">Specifies whether form filling will be rendered.</param>
        </member>
        <member name="M:PDFtoImage.Conversion.SaveBmp(System.IO.Stream,System.IO.Stream,System.String,System.Int32,System.Int32,System.Nullable{System.Int32},System.Nullable{System.Int32},System.Boolean,System.Boolean)">
            <summary>
            Renders a single page of a given PDF and saves it as a bitmap.
            </summary>
            <param name="imageStream">The output image stream.</param>
            <param name="pdfStream">The PDF as a stream.</param>
            <param name="password">The password for opening the PDF. Use <see langword="null"/> if no password is needed.</param>
            <param name="page">The specific page to be converted.</param>
            <param name="dpi">The DPI scaling to use for rasterization of the PDF.</param>
            <param name="width">The width of the desired <paramref name="page"/>. Use <see langword="null"/> if the original width should be used.</param>
            <param name="height">The height of the desired <paramref name="page"/>. Use <see langword="null"/> if the original height should be used.</param>
            <param name="withAnnotations">Specifies whether annotations be rendered.</param>
            <param name="withFormFill">Specifies whether form filling will be rendered.</param>
        </member>
        <member name="M:PDFtoImage.Conversion.ToImage(System.String,System.String,System.Int32,System.Int32,System.Nullable{System.Int32},System.Nullable{System.Int32},System.Boolean,System.Boolean)">
            <summary>
            Renders a single page of a given PDF into an image.
            </summary>
            <param name="pdfAsBase64String">The PDF encoded as Base64.</param>
            <param name="password">The password for opening the PDF. Use <see langword="null"/> if no password is needed.</param>
            <param name="page">The specific page to be converted.</param>
            <param name="dpi">The DPI scaling to use for rasterization of the PDF.</param>
            <param name="width">The width of the desired <paramref name="page"/>. Use <see langword="null"/> if the original width should be used.</param>
            <param name="height">The height of the desired <paramref name="page"/>. Use <see langword="null"/> if the original height should be used.</param>
            <param name="withAnnotations">Specifies whether annotations be rendered.</param>
            <param name="withFormFill">Specifies whether form filling will be rendered.</param>
            <returns>The converted PDF page as an image.</returns>
        </member>
        <member name="M:PDFtoImage.Conversion.ToImage(System.Byte[],System.String,System.Int32,System.Int32,System.Nullable{System.Int32},System.Nullable{System.Int32},System.Boolean,System.Boolean)">
            <summary>
            Renders a single page of a given PDF into an image.
            </summary>
            <param name="pdfAsByteArray">The PDF as a byte array.</param>
            <param name="password">The password for opening the PDF. Use <see langword="null"/> if no password is needed.</param>
            <param name="page">The specific page to be converted.</param>
            <param name="dpi">The DPI scaling to use for rasterization of the PDF.</param>
            <param name="width">The width of the desired <paramref name="page"/>. Use <see langword="null"/> if the original width should be used.</param>
            <param name="height">The height of the desired <paramref name="page"/>. Use <see langword="null"/> if the original height should be used.</param>
            <param name="withAnnotations">Specifies whether annotations be rendered.</param>
            <param name="withFormFill">Specifies whether form filling will be rendered.</param>
            <returns>The converted PDF page as an image.</returns>
        </member>
        <member name="M:PDFtoImage.Conversion.ToImage(System.IO.Stream,System.String,System.Int32,System.Int32,System.Nullable{System.Int32},System.Nullable{System.Int32},System.Boolean,System.Boolean)">
            <summary>
            Renders a single page of a given PDF into an image.
            </summary>
            <param name="pdfStream">The PDF as a stream.</param>
            <param name="password">The password for opening the PDF. Use <see langword="null"/> if no password is needed.</param>
            <param name="page">The specific page to be converted.</param>
            <param name="dpi">The DPI scaling to use for rasterization of the PDF.</param>
            <param name="width">The width of the desired <paramref name="page"/>. Use <see langword="null"/> if the original width should be used.</param>
            <param name="height">The height of the desired <paramref name="page"/>. Use <see langword="null"/> if the original height should be used.</param>
            <param name="withAnnotations">Specifies whether annotations be rendered.</param>
            <param name="withFormFill">Specifies whether form filling will be rendered.</param>
            <returns>The rendered PDF page as an image.</returns>
        </member>
        <member name="M:PDFtoImage.Conversion.ToImages(System.String,System.String,System.Int32,System.Nullable{System.Int32},System.Nullable{System.Int32},System.Boolean,System.Boolean)">
            <summary>
            Renders all pages of a given PDF into images.
            </summary>
            <param name="pdfAsBase64String">The PDF encoded as Base64.</param>
            <param name="password">The password for opening the PDF. Use <see langword="null"/> if no password is needed.</param>
            <param name="dpi">The DPI scaling to use for rasterization of the PDF.</param>
            <param name="width">The width of the all pages. Use <see langword="null"/> if the original width (per page) should be used.</param>
            <param name="height">The height of all pages. Use <see langword="null"/> if the original height (per page) should be used.</param>
            <param name="withAnnotations">Specifies whether annotations be rendered.</param>
            <param name="withFormFill">Specifies whether form filling will be rendered.</param>
            <returns>The rendered PDF pages as images.</returns>
        </member>
        <member name="M:PDFtoImage.Conversion.ToImages(System.Byte[],System.String,System.Int32,System.Nullable{System.Int32},System.Nullable{System.Int32},System.Boolean,System.Boolean)">
            <summary>
            Renders all pages of a given PDF into images.
            </summary>
            <param name="pdfAsByteArray">The PDF as a byte array.</param>
            <param name="password">The password for opening the PDF. Use <see langword="null"/> if no password is needed.</param>
            <param name="dpi">The DPI scaling to use for rasterization of the PDF.</param>
            <param name="width">The width of the all pages. Use <see langword="null"/> if the original width (per page) should be used.</param>
            <param name="height">The height of all pages. Use <see langword="null"/> if the original height (per page) should be used.</param>
            <param name="withAnnotations">Specifies whether annotations be rendered.</param>
            <param name="withFormFill">Specifies whether form filling will be rendered.</param>
            <returns>The rendered PDF pages as images.</returns>
        </member>
        <member name="M:PDFtoImage.Conversion.ToImages(System.IO.Stream,System.String,System.Int32,System.Nullable{System.Int32},System.Nullable{System.Int32},System.Boolean,System.Boolean)">
            <summary>
            Renders all pages of a given PDF into images.
            </summary>
            <param name="pdfStream">The PDF as a stream.</param>
            <param name="password">The password for opening the PDF. Use <see langword="null"/> if no password is needed.</param>
            <param name="dpi">The DPI scaling to use for rasterization of the PDF.</param>
            <param name="width">The width of the all pages. Use <see langword="null"/> if the original width (per page) should be used.</param>
            <param name="height">The height of all pages. Use <see langword="null"/> if the original height (per page) should be used.</param>
            <param name="withAnnotations">Specifies whether annotations be rendered.</param>
            <param name="withFormFill">Specifies whether form filling will be rendered.</param>
            <returns>The rendered PDF pages as images.</returns>
        </member>
        <member name="M:PDFtoImage.Conversion.GetPageCount(System.String,System.String)">
            <summary>
            Returns the page count of a given PDF.
            </summary>
            <param name="pdfAsBase64String">The PDF encoded as Base64.</param>
            <param name="password">The password for opening the PDF. Use <see langword="null"/> if no password is needed.</param>
            <returns>The page count of the given PDF.</returns>
        </member>
        <member name="M:PDFtoImage.Conversion.GetPageCount(System.Byte[],System.String)">
            <summary>
            Returns the page count of a given PDF.
            </summary>
            <param name="pdfAsByteArray">The PDF as a byte array.</param>
            <param name="password">The password for opening the PDF. Use <see langword="null"/> if no password is needed.</param>
            <returns>The page count of the given PDF.</returns>
        </member>
        <member name="M:PDFtoImage.Conversion.GetPageCount(System.IO.Stream,System.String)">
            <summary>
            Returns the page count of a given PDF.
            </summary>
            <param name="pdfStream">The PDF as a stream.</param>
            <param name="password">The password for opening the PDF. Use <see langword="null"/> if no password is needed.</param>
            <returns>The page count of the given PDF.</returns>
        </member>
        <member name="M:PDFtoImage.PdfiumViewer.NativeMethods.LoadLibrary(System.String)">
            <summary>Loads the specified module into the address space of the calling process.</summary>
            <param name="lpLibFileName">
            <para>The name of the module. This can be either a library module (a .dll file) or an executable module (an .exe file). The name specified is the file name of the module and is not related to the name stored in the library module itself, as specified by the <b>LIBRARY</b> keyword in the module-definition (.def) file. If the string specifies a full path, the function searches only that path for the module. If the string specifies a relative path or a module name without a path, the function uses a standard search strategy to find the module; for more information, see the Remarks. If the function cannot find the  module, the function fails. When specifying a path, be sure to use backslashes (\\), not forward slashes (/). For more information about paths, see <a href="https://docs.microsoft.com/windows/desktop/FileIO/naming-a-file">Naming a File or Directory</a>. If the string specifies a module name without a path and the file name extension is omitted, the function appends the default library extension .dll to the module name. To prevent the function from appending .dll to the module name, include a trailing point character (.) in the module name string.</para>
            <para><see href="https://docs.microsoft.com/windows/win32/api//libloaderapi/nf-libloaderapi-loadlibraryw#parameters">Read more on docs.microsoft.com</see>.</para>
            </param>
            <returns>
            <para>If the function succeeds, the return value is a handle to the module. If the function fails, the return value is NULL. To get extended error information, call <a href="/windows/desktop/api/errhandlingapi/nf-errhandlingapi-getlasterror">GetLastError</a>.</para>
            </returns>
            <remarks>
            <para><see href="https://docs.microsoft.com/windows/win32/api//libloaderapi/nf-libloaderapi-loadlibraryw">Learn more about this API from docs.microsoft.com.</see></para>
            </remarks>
        </member>
        <member name="M:PDFtoImage.PdfiumViewer.NativeMethods.FPDF_LoadCustomDocument(System.IO.Stream,System.String,System.Int32)">
            <summary>
            Opens a document using a .NET Stream. Allows opening huge
            PDFs without loading them into memory first.
            </summary>
            <param name="input">The input Stream. Don't dispose prior to closing the pdf.</param>
            <param name="password">Password, if the PDF is protected. Can be null.</param>
            <param name="id">Retrieves an IntPtr to the COM object for the Stream. The caller must release this with Marshal.Release prior to Disposing the Stream.</param>
            <returns>An IntPtr to the FPDF_DOCUMENT object.</returns>
        </member>
        <member name="T:PDFtoImage.PdfiumViewer.PdfDocument">
            <summary>
            Provides functionality to render a PDF document.
            </summary>
        </member>
        <member name="M:PDFtoImage.PdfiumViewer.PdfDocument.Load(System.IO.Stream,System.String)">
            <summary>
            Initializes a new instance of the PdfDocument class with the provided stream.
            </summary>
            <param name="stream">Stream for the PDF document.</param>
            <param name="password">Password for the PDF document.</param>
        </member>
        <member name="P:PDFtoImage.PdfiumViewer.PdfDocument.PageSizes">
            <summary>
            Size of each page in the PDF document.
            </summary>
        </member>
        <member name="M:PDFtoImage.PdfiumViewer.PdfDocument.Render(System.Int32,System.Int32,System.Int32,System.Single,System.Single,PDFtoImage.PdfiumViewer.PdfRenderFlags,System.Boolean)">
            <summary>
            Renders a page of the PDF document to an image.
            </summary>
            <param name="page">Number of the page to render.</param>
            <param name="width">Width of the rendered image.</param>
            <param name="height">Height of the rendered image.</param>
            <param name="dpiX">Horizontal DPI.</param>
            <param name="dpiY">Vertical DPI.</param>
            <param name="flags">Flags used to influence the rendering.</param>
            <param name="renderFormFill">Render form fills.</param>
            <returns>The rendered image.</returns>
        </member>
        <member name="M:PDFtoImage.PdfiumViewer.PdfDocument.Render(System.Int32,System.Int32,System.Int32,System.Single,System.Single,PDFtoImage.PdfiumViewer.PdfRotation,PDFtoImage.PdfiumViewer.PdfRenderFlags,System.Boolean)">
            <summary>
            Renders a page of the PDF document to an image.
            </summary>
            <param name="page">Number of the page to render.</param>
            <param name="width">Width of the rendered image.</param>
            <param name="height">Height of the rendered image.</param>
            <param name="dpiX">Horizontal DPI.</param>
            <param name="dpiY">Vertical DPI.</param>
            <param name="rotate">Rotation.</param>
            <param name="flags">Flags used to influence the rendering.</param>
            <param name="renderFormFill">Render form fills.</param>
            <returns>The rendered image.</returns>
        </member>
        <member name="M:PDFtoImage.PdfiumViewer.PdfDocument.Dispose">
            <summary>Performs application-defined tasks associated with freeing, releasing, or resetting unmanaged resources.</summary>
            <filterpriority>2</filterpriority>
        </member>
        <member name="M:PDFtoImage.PdfiumViewer.PdfDocument.Dispose(System.Boolean)">
            <summary>Performs application-defined tasks associated with freeing, releasing, or resetting unmanaged resources.</summary>
            <param name="disposing">Whether this method is called from Dispose.</param>
        </member>
        <member name="T:PDFtoImage.PdfiumViewer.PdfRenderFlags">
            <summary>
            Flags that influence the page rendering process.
            </summary>
        </member>
        <member name="F:PDFtoImage.PdfiumViewer.PdfRenderFlags.None">
            <summary>
            No flags.
            </summary>
        </member>
        <member name="F:PDFtoImage.PdfiumViewer.PdfRenderFlags.ForPrinting">
            <summary>
            Render for printing.
            </summary>
        </member>
        <member name="F:PDFtoImage.PdfiumViewer.PdfRenderFlags.Annotations">
            <summary>
            Set if annotations are to be rendered.
            </summary>
        </member>
        <member name="F:PDFtoImage.PdfiumViewer.PdfRenderFlags.LcdText">
            <summary>
            Set if using text rendering optimized for LCD display.
            </summary>
        </member>
        <member name="F:PDFtoImage.PdfiumViewer.PdfRenderFlags.NoNativeText">
            <summary>
            Don't use the native text output available on some platforms.
            </summary>
        </member>
        <member name="F:PDFtoImage.PdfiumViewer.PdfRenderFlags.Grayscale">
            <summary>
            Grayscale output.
            </summary>
        </member>
        <member name="F:PDFtoImage.PdfiumViewer.PdfRenderFlags.LimitImageCacheSize">
            <summary>
            Limit image cache size.
            </summary>
        </member>
        <member name="F:PDFtoImage.PdfiumViewer.PdfRenderFlags.ForceHalftone">
            <summary>
            Always use halftone for image stretching.
            </summary>
        </member>
        <member name="F:PDFtoImage.PdfiumViewer.PdfRenderFlags.Transparent">
            <summary>
            Render with a transparent background.
            </summary>
        </member>
        <member name="F:PDFtoImage.PdfiumViewer.PdfRenderFlags.CorrectFromDpi">
            <summary>
            Correct height/width for DPI.
            </summary>
        </member>
        <member name="T:PDFtoImage.PdfiumViewer.PdfRotation">
            <summary>
            Specifies the rotation of pages shown in the PDF renderer.
            </summary>
        </member>
        <member name="F:PDFtoImage.PdfiumViewer.PdfRotation.Rotate0">
            <summary>
            Rotates the output 0 degrees.
            </summary>
        </member>
        <member name="F:PDFtoImage.PdfiumViewer.PdfRotation.Rotate90">
            <summary>
            Rotates the output 90 degrees.
            </summary>
        </member>
        <member name="F:PDFtoImage.PdfiumViewer.PdfRotation.Rotate180">
            <summary>
            Rotates the output 180 degrees.
            </summary>
        </member>
        <member name="F:PDFtoImage.PdfiumViewer.PdfRotation.Rotate270">
            <summary>
            Rotates the output 270 degrees.
            </summary>
        </member>
    </members>
</doc>
